tof,sweep
55445285.8,0
55445685.3,0
55447135.7,0
55447223.9,0
55447116.2,1
55447175.1,1
55447190.9,1
55447244.4,1
55445224.0,2
55445244.4,3
55445249.2,3
55447188.7,3
55447196.2,3
55447198.7,3
55447205.6,3
55447330.2,3
55445200.1,4
55445214.1,4
55447169.0,4
55447222.4,4
55447226.5,4
55440954.8,5
55447121.3,5
55447250.0,5
55447137.8,6
55447139.4,6
55447200.4,6
55447204.7,6
55447286.0,6
55445296.9,7
55447173.6,7
55445259.0,8
55447120.1,8
55447158.1,8
55445009.7,9
55447090.2,9
55447117.5,9
55447132.0,9
55447045.9,10
55447183.2,10
55447239.5,10
55445881.9,11
55447199.5,11
55447250.4,11
55445206.2,12
55445222.4,12
55445252.1,12
55447181.8,12
55447193.6,12
55447669.8,12
55445199.3,13
55445252.5,13
55445275.7,13
55447172.0,13
55447241.6,13
55445182.5,14
55447115.3,14
55447122.1,14
55447165.6,14
55447207.5,15
55447225.3,15
55445192.1,16
55445284.5,16
55447105.1,16
55447158.2,16
55447197.2,16
55447211.7,16
55445204.1,17
55445253.4,17
55447114.7,17
55447131.8,17
55447133.0,17
55447135.5,17
55447208.4,17
55447227.0,17
55445254.3,18
55447183.7,18
55447081.8,19
55447148.9,19
55447163.8,19
55447181.8,19
55447204.9,19
55445196.5,20
55447181.3,20
55445128.7,21
55445254.1,21
55447136.9,21
55447186.7,21
55447190.5,21
55447196.2,21
55447216.3,21
55447252.0,21
55447147.6,22
55447175.6,22
55447195.4,22
55447197.2,22
55447202.7,22
55447209.2,22
55445199.3,23
55445234.5,23
55447167.9,23
55447401.5,23
55445248.0,24
55447160.4,24
55447239.4,24
55445187.2,25
55447172.8,25
55447284.1,25
55445183.0,26
55445420.6,26
55447175.2,26
55447215.1,26
55447071.2,27
55447171.9,27
55445180.8,28
55447198.0,28
55447230.6,28
55447077.3,29
55447262.7,29
55445221.4,30
55447054.5,30
55447071.6,30
55447117.1,30
55447134.2,30
55447216.4,30
55447087.2,31
55447138.7,31
55447156.7,31
55447165.1,31
55447299.3,31
55445146.9,32
55447154.5,32
55447156.6,32
55447167.4,32
55447180.3,33
55447646.4,33
55447120.7,34
55447157.5,34
55447279.2,34
55445200.0,35
55445544.1,35
55445611.6,35
55445316.1,36
55447120.6,36
55447180.6,36
55447240.8,36
55447172.0,37
55445469.4,38
55447133.4,38
55447161.8,38
55447165.4,38
55447173.8,38
55447183.8,38
55445200.5,39
55445241.9,39
55447138.1,39
55447143.6,39
55447206.8,39
55445224.7,40
55447160.6,40
55447182.4,40
55447123.0,41
55447175.7,41
55445233.4,42
55445340.9,42
55447116.3,42
55447122.8,42
55447201.9,42
55447222.8,42
55447170.0,43
55447176.0,43
55447196.4,43
55447199.5,43
55447218.9,43
55445440.1,44
55445754.6,44
55447132.8,44
55447161.7,44
55447185.3,44
55447230.4,44
55447157.0,45
55447167.6,45
55447216.4,45
55447290.5,45
55445138.9,46
55445224.8,46
55445288.0,46
55447059.3,46
55445202.2,47
55447223.0,47
55445245.4,48
55445283.6,48
55447160.7,48
55447165.6,48
55445275.1,49
55447215.5,49
55447240.2,49
55447268.0,49
55447141.4,50
55447151.8,50
55447182.5,50
55447184.2,50
55447215.5,50
55447231.2,50
55445170.1,51
55447108.4,51
55447118.6,51
55447161.9,51
55447181.6,51
55447192.8,51
55445291.0,52
55447219.1,52
55447238.0,52
55445274.9,53
55447211.4,53
55447160.7,54
55447163.7,54
55447187.9,54
55447199.1,54
55447206.4,54
55447226.8,54
55445214.8,55
55445221.5,55
55447137.7,55
55447156.4,55
55447176.1,55
55447188.4,55
55445177.9,56
55445232.7,56
55445235.4,56
55445250.5,56
55447069.7,56
55447175.6,57
55447242.9,57
55448260.4,57
55445247.4,58
55447225.5,58
55445686.9,59
55447289.4,59
55445208.1,60
55447170.0,60
55447173.5,60
55447201.6,60
55447189.4,61
55447206.8,61
55447306.9,61
55447137.5,62
55447181.9,62
55447200.1,62
55447210.1,62
55447240.5,62
55447054.7,63
55447155.1,63
55447262.2,63
55445272.9,64
55447191.0,64
55447243.9,64
55445249.3,65
55445284.1,65
55447152.9,65
55447216.0,65
55445219.8,66
55445224.1,66
55447106.4,66
55447109.7,66
55447136.5,66
55447177.6,66
55447205.9,66
55447101.4,67
55447165.4,67
55447169.2,67
55447257.1,67
55447184.0,68
55447217.6,68
55445225.4,69
55447157.7,69
55447186.9,69
55447193.1,69
55447237.4,69
55447262.9,69
55447820.9,69
55447158.2,70
55447196.7,70
55447220.6,70
55445238.8,71
55447158.1,71
55447187.9,71
55445248.1,72
55447137.2,72
55447166.7,72
55447178.8,72
55445160.6,73
55445229.1,73
55445239.4,73
55447078.6,73
55447125.1,73
55447216.9,73
55447134.2,74
55447145.3,74
55447192.5,74
55447255.3,74
55447195.0,75
55445234.9,76
55445238.8,76
55445293.9,76
55447134.5,76
55447191.9,76
55445189.3,77
55445217.4,77
55447173.2,77
55447189.5,77
55447221.6,77
55447117.2,78
55447168.8,78
55447181.8,78
55447220.1,78
55447174.1,79
55447194.0,79
55445264.8,80
55447149.2,80
55447153.2,80
55447210.2,80
55447253.2,80
55447125.0,81
55447168.7,81
55447182.0,81
55445233.6,82
55447061.4,82
55447071.4,82
55447121.5,82
55447175.5,82
55447263.6,82
55447048.4,83
55447150.4,83
55447172.7,83
55447181.1,83
55447239.2,83
55447452.9,83
55447172.4,84
55447176.3,84
55447275.4,84
55445305.3,85
55447152.0,85
55447194.7,85
55447229.9,85
55447262.3,85
55445296.3,86
55447114.8,86
55447195.8,86
55445306.2,87
55447169.9,87
55447210.4,87
55447178.1,88
55445972.0,89
55447131.0,89
55447176.9,89
55447058.8,90
55447150.5,90
55445214.0,91
55445241.1,91
55447190.9,91
55447207.7,91
55447104.3,92
55447185.0,92
55445176.6,93
55447144.4,93
55447196.5,93
55447223.2,93
55445206.4,94
55445265.7,95
55447188.9,95
55445299.2,96
55445356.2,96
55447135.8,96
55447194.2,96
55447202.4,96
55447205.7,96
55447222.6,97
55445257.5,98
55447146.9,98
55447177.8,98
55447259.9,98
55447273.1,98
55445174.2,99
55445201.7,99
55447232.1,99
55447240.0,99
55447145.3,100
55447150.7,100
55447172.0,100
55447214.5,100
55445213.7,101
55445232.8,101
55447115.7,101
55447184.1,101
55445222.9,104
55445561.5,104
55447139.0,104
55447188.6,104
55447202.8,104
55447222.6,104
55447240.1,104
55445206.9,105
55445730.7,105
55447193.3,105
55447130.8,106
55447179.1,106
55445260.2,107
55447135.1,107
55447175.3,107
55445208.9,108
55447086.7,108
55447193.8,108
55447197.2,108
55445241.4,109
55447171.8,109
55447222.7,109
55447235.8,109
55445145.7,110
55447120.7,110
55447133.1,110
55447179.2,110
55447220.2,110
55447187.7,111
55447202.2,111
55447125.0,112
55447134.2,112
55447167.0,112
55447203.5,112
55447205.6,112
55442858.8,113
55447164.2,113
55447168.3,113
55447172.4,113
55447186.6,113
55447205.8,113
55447130.0,114
55447182.1,114
55447203.0,114
55447278.7,114
55447295.1,114
55445220.1,115
55447058.3,115
55447161.3,115
55447167.8,115
55447181.3,115
55447236.8,115
55445212.0,116
55445236.5,116
55447089.7,116
55447163.3,116
55447208.6,116
55445221.5,117
55445248.5,117
55445509.8,117
55447151.2,117
55445342.8,118
55446450.5,118
55447175.0,118
55447194.9,118
55447216.3,118
55448077.5,118
55445114.2,119
55445160.2,119
55445198.6,119
55447142.4,119
55447200.6,119
55447209.6,119
55447096.8,120
55447106.7,120
55447197.6,120
55445169.6,121
55447188.4,121
55447335.0,121
55447154.7,122
55447193.2,122
55447127.1,123
55447163.8,123
55447169.8,123
55447200.0,123
55447150.9,124
55447155.5,124
55447190.4,124
55447160.9,125
55447225.6,125
55445187.4,126
55445251.1,126
55447141.9,126
55447192.8,126
55445227.5,128
55447121.4,128
55447135.1,128
55447169.5,128
55445211.4,129
55447114.1,129
55447170.4,129
55447165.4,130
55447214.5,130
55445154.0,131
55447152.0,131
55447170.4,131
55447274.8,131
55445200.1,132
55445236.4,132
55445270.8,132
55447159.2,132
55447169.3,132
55447205.7,132
55445219.8,133
55445242.1,133
55447158.8,133
55447196.1,133
55447195.1,134
55447207.3,134
55447216.4,134
55447235.0,134
55447254.3,134
55445212.2,135
55445247.8,135
55447197.6,135
55447084.0,136
55447167.1,136
55445258.0,137
55447149.5,137
55445238.0,138
55445299.9,138
55447163.1,138
55447128.5,139
55447181.8,139
55447185.6,139
55447100.6,140
55447176.9,140
55447250.7,140
55445215.1,141
55447109.4,141
55447174.0,141
55447245.9,141
55447156.4,142
55447165.0,142
55447181.5,142
55447206.6,142
55447261.0,142
55447316.2,142
55445219.2,143
55447130.5,143
55447204.7,143
55445230.8,144
55445235.6,144
55447173.0,144
55447224.6,144
55447431.2,144
55445264.9,145
55447127.3,145
55447146.5,145
55447159.4,145
55447187.5,145
55447200.9,145
55445293.6,146
55445312.1,146
55447185.5,146
55447142.2,147
55447186.0,147
55447204.1,147
55447223.0,147
55445246.6,148
55447104.6,148
55447170.6,148
55447200.7,148
55447168.0,149
55447176.1,149
55447179.4,149
55447208.8,149
55447223.4,149
55445186.2,150
55445252.5,150
55445274.3,150
55447180.6,150
55447194.1,150
55447238.4,150
55448567.1,150
55445242.0,151
55445343.1,151
55447104.6,151
55447145.8,151
55447149.4,151
55447154.2,151
55445181.7,152
55445192.1,152
55445266.7,152
55447136.9,152
55447187.6,152
55447198.3,152
55445205.8,153
55445298.4,153
55445529.9,153
55447098.4,153
55447153.3,153
55447204.3,153
55447245.7,153
55445242.4,154
55447237.4,154
55447282.3,154
55445207.9,155
55445261.5,155
55447083.7,155
55447192.3,155
55447199.7,155
55445171.8,156
55447164.2,156
55447200.2,156
55445211.4,157
55445286.6,157
55447161.2,157
55447208.0,157
55447439.0,157
55447130.4,159
55447136.1,159
55447154.4,159
55447200.0,159
55447230.7,159
55445268.5,160
55447174.6,160
55447226.7,160
55447301.9,160
55447266.2,161
55445052.4,162
55447222.7,162
55445357.2,163
55447184.7,163
55447187.1,163
55447197.3,163
55447215.1,163
55447275.3,163
55445142.2,164
55445247.4,164
55445309.2,164
55447036.1,164
55447046.1,164
55447186.0,164
55447217.2,164
55447313.7,164
55445317.4,165
55447178.9,165
55447199.6,165
55447218.2,165
55447252.0,165
55447260.0,165
55445254.2,166
55445256.8,166
55445261.9,166
55447127.1,166
55447143.8,166
55447229.8,166
55447135.4,167
55445277.7,168
55447231.8,168
55445110.5,169
55447235.5,169
55445185.0,170
55445244.7,170
55445267.1,170
55445276.2,170
55447140.6,170
55447160.4,170
55447202.2,170
55447235.7,170
55445402.3,171
55447046.0,171
55447196.2,171
55447114.3,172
55447135.2,172
55447211.5,172
55447254.3,172
55445206.9,173
55445260.3,173
55445319.0,173
55447171.1,173
55447186.6,173
55447304.0,173
55445223.0,174
55445243.4,174
55447153.8,174
55447197.7,174
55447217.4,174
55447268.5,174
55445261.8,175
55447161.9,175
55445174.5,176
55447085.3,176
55447123.4,176
55447205.6,176
55445201.3,177
55445249.5,177
55447157.2,177
55447178.7,177
55447196.2,177
55447216.3,178
55447241.6,178
55448214.7,178
55445181.6,179
55445211.5,179
55447238.0,179
55447241.1,179
55447242.7,179
55447314.4,179
55445234.0,180
55445253.5,180
55447139.4,180
55447150.4,180
55447160.4,180
55445269.0,181
55447119.7,182
55447193.6,182
55445191.8,183
55445244.1,183
55447166.1,183
55447048.2,184
55447161.1,184
55447193.5,184
55447134.7,185
55447172.1,185
55447222.3,185
55447082.7,186
55447181.6,186
55447205.7,186
55447225.6,186
55447120.8,187
55447129.5,188
55447156.7,188
55447198.2,188
55445236.6,189
55445240.4,189
55445245.1,189
55447175.4,189
55447217.1,189
55445206.2,190
55447178.3,190
55447198.5,190
55447214.1,190
55447220.9,190
55445265.1,191
55447086.8,191
55445154.8,192
55445257.9,192
55445304.3,193
55447186.0,193
55447209.3,193
55447280.5,193
55445230.9,194
55447137.0,194
55447201.9,194
55447268.4,194
55445217.2,195
55445236.4,195
55445289.6,195
55447131.3,195
55447136.9,195
55447167.8,195
55447199.0,195
55445242.4,196
55445260.9,196
55447196.0,196
55445188.8,197
55445236.1,197
55445287.0,197
55447217.4,197
55447261.9,197
55447233.3,198
55448277.3,198
55447095.5,199
55447237.8,199
55445212.9,200
55445229.0,200
55445305.2,200
55447154.6,201
55447188.6,201
55447198.1,201
55447330.9,201
55447174.2,202
55447219.2,202
55447142.4,203
55447217.2,203
55447224.4,203
55447134.0,204
55447154.2,204
55447169.7,204
55447189.3,204
55447258.6,204
55445263.1,205
55445270.9,205
55447232.9,205
55445222.6,206
55445276.7,206
55447125.5,206
55447138.2,206
55447182.1,206
55447152.9,207
55447171.7,207
55447174.9,207
55447192.5,207
55447220.8,207
55447594.7,207
55447047.4,208
55447181.7,208
55447195.4,208
55447617.3,208
55447224.7,209
55447155.7,210
55447179.1,210
55447190.2,210
55447195.8,210
55447209.8,210
55445232.3,211
55447209.4,211
55446041.8,212
55447155.8,212
55447075.9,213
55447168.1,213
55447183.7,213
55445271.2,214
55447113.7,214
55447173.9,214
55447203.5,214
55447208.7,214
55447290.0,214
55445095.6,215
55447160.5,215
55447165.3,215
55447175.5,215
55447120.3,216
55447127.0,216
55447183.0,216
55447207.3,216
55445181.2,217
55447173.5,217
55445260.9,218
55447011.9,218
55447134.7,218
55447189.2,219
55447227.7,219
55447235.2,219
55445256.9,220
55447058.8,220
55447078.9,220
55447192.2,220
55447195.8,221
55447206.9,221
55447040.5,222
55447093.3,222
55447190.8,222
55447120.4,223
55447146.9,223
55447179.2,223
55447274.6,223
55447102.1,224
55445228.1,225
55447139.0,225
55447159.8,225
55447186.3,225
55447189.2,226
55447259.1,226
55448518.6,226
55445261.0,227
55447106.4,227
55447115.2,227
55447163.9,227
55447167.8,227
55447178.7,227
55447365.4,227
55447128.1,228
55447151.3,228
55447170.9,228
55447181.4,228
55447107.2,229
55447130.6,229
55447194.8,229
55447208.9,229
55445195.5,230
55445214.4,230
55445270.3,230
55447091.4,230
55447195.0,230
55447199.3,230
55447209.5,230
55447092.2,231
55447193.8,231
55447111.3,232
55447120.6,232
55447124.8,232
55447183.0,232
55447214.6,232
55447217.1,232
55447175.6,233
55447212.0,233
55447043.7,234
55447111.8,234
55447182.5,234
55447205.4,234
55447214.1,234
55445216.5,235
55447161.8,235
55447202.0,235
55447272.9,235
55445257.5,236
55447155.8,236
55447199.7,236
55445233.4,237
55445257.4,237
55447070.1,237
55447176.7,237
55448376.1,237
55447177.7,238
55447215.9,238
55445202.0,239
55445213.2,240
55447171.2,240
55447139.7,241
55447179.8,241
55447170.9,242
55447230.5,242
55445222.1,243
55445251.2,243
55445304.4,243
55447145.2,243
55447172.2,243
55447174.6,243
55447177.2,243
55447181.1,243
55447190.3,243
55445263.9,244
55445314.8,244
55445328.5,244
55447150.5,244
55447158.0,244
55447189.0,244
55447132.2,245
55445218.1,246
55447127.0,246
55447140.1,246
55447168.8,246
55447265.9,246
55447120.9,247
55447140.5,247
55447192.1,247
55447218.1,247
55447257.8,248
55447235.0,249
55445815.4,250
55447117.8,250
55447127.1,250
55447182.2,250
55447161.7,251
55447198.7,251
55445196.0,252
55445264.4,252
55447182.1,252
55447187.5,252
55447350.1,252
55445285.5,253
55447163.6,253
55445245.7,254
55445250.7,254
55447107.4,254
55447172.0,254
55447263.4,254
55447110.0,255
55447149.9,255
55445111.6,256
55445242.7,256
55445255.1,256
55447152.0,256
55447168.2,256
55447550.7,256
55445229.6,257
55445278.7,257
55447136.0,257
55447152.0,257
55447188.6,257
55447239.2,257
55447143.5,258
55447161.5,258
55447188.9,258
55447030.8,259
55447155.5,259
55447320.8,259
55447203.4,260
55447253.9,260
55447257.2,260
55447166.1,261
55447269.3,261
55445244.8,262
55447168.6,262
55445206.7,263
55447214.9,263
55447121.5,264
55447231.6,264
55445255.4,265
55447120.9,265
55447166.2,265
55445238.4,266
55447058.2,266
55447106.0,266
55447196.9,266
55447127.8,267
55445206.5,268
55447157.3,268
55447232.9,268
55447242.3,268
55447229.8,269
55445143.5,270
55447130.7,270
55447164.5,270
55447171.9,270
55447174.7,270
55447180.4,270
55447195.5,270
55447346.5,270
55445186.2,272
55445202.0,272
55445160.9,273
55445188.0,273
55447059.9,273
55447114.1,273
55447182.5,273
55447106.7,274
55447144.3,274
55447178.6,274
55447192.8,274
55447323.3,274
55445261.6,275
55445341.4,275
55447155.8,275
55447186.0,275
55445191.6,276
55445248.6,276
55447159.7,276
55447215.2,276
55447225.2,276
55447226.8,276
55445376.3,277
55447164.1,277
55447153.9,278
55447169.6,278
55447180.5,278
55447226.9,278
55445181.0,279
55445231.1,279
55447138.9,279
55447197.6,279
55447132.0,280
55447164.9,280
55447212.2,280
55445179.5,281
55447132.0,281
55447166.4,281
55447190.5,281
55447254.6,281
55447261.3,281
55445239.6,282
55445247.3,282
55447140.7,282
55445148.6,283
55445249.8,283
55447147.6,283
55445174.7,284
55445236.0,284
55447145.1,284
55447164.6,284
55447205.0,284
55447098.1,285
55447238.3,285
55445205.5,286
55445170.6,287
55447187.9,287
55447202.5,287
55447235.0,287
55447146.7,288
55447167.6,288
55447184.4,288
55445234.8,289
55445283.9,289
55447132.2,289
55447153.4,289
55447178.5,289
55447182.3,289
55445207.0,290
55447143.4,290
55447148.7,290
55447176.3,290
55447189.4,290
55447193.4,290
55445212.6,291
55445277.8,291
55447054.7,291
55447177.0,291
55447201.8,291
55447205.0,292
55447242.9,292
55447255.3,292
55447283.2,292
55445249.7,293
55447115.7,293
55447211.5,293
55447120.8,294
55447215.7,294
55445213.8,295
55445272.0,295
55447131.4,295
55447184.4,295
55445146.8,296
55445227.7,296
55447133.8,296
55447184.8,296
55445181.6,297
55445246.2,297
55447104.4,297
55447151.8,297
55447164.9,297
55447169.5,297
55447197.9,297
55447242.2,297
55447337.6,297
55445262.6,298
55445319.4,299
55445510.2,299
55447150.9,299
55447203.8,299
55447261.3,299
55447312.0,299
55446059.6,300
55447200.2,300
55445111.9,301
55447139.3,301
55447165.0,301
55447209.2,301
55447256.1,302
55445255.2,303
55445262.0,303
55447096.0,303
55447132.6,303
55447140.3,304
55447160.7,304
55447221.7,304
55445189.8,305
55447151.3,305
55447262.0,305
55445199.2,306
55447067.3,306
55447114.9,306
55447147.5,306
55447176.7,306
55445232.6,307
55447199.5,307
55447233.4,307
55445202.7,308
55445242.1,308
55447159.0,308
55447224.1,308
55445216.1,309
55447072.4,309
55447142.5,309
55447168.4,309
55447197.5,309
55447232.4,309
55445167.5,310
55447122.1,310
55447139.3,311
55447158.8,311
55447174.1,312
55447250.4,312
55447531.3,312
55445185.5,313
55445194.2,313
55447145.3,313
55445197.2,314
55447115.6,314
55447118.5,314
55447176.1,314
55447138.7,315
55447180.3,315
55447140.4,316
55447149.8,316
55447209.2,316
55447935.9,316
55445211.6,317
55447115.5,317
55447172.1,317
55447121.6,318
55447228.4,318
55445248.5,319
55447101.0,319
55447137.8,319
55447141.9,319
55447169.5,319
55447179.0,319
55447222.1,319
55447295.0,319
55445194.1,320
55445199.9,320
55445213.5,320
55447188.1,320
55447245.7,320
55447260.8,320
55447264.2,320
55447677.5,320
55447106.3,321
55447136.2,321
55447152.8,321
55447199.7,321
55447214.7,321
55447231.5,321
55447139.1,322
55447169.1,322
55447187.8,322
55445223.8,323
55445255.5,323
55447129.8,323
55447179.5,323
55445236.6,324
55445252.1,324
55447133.7,324
55447841.7,324
55445224.9,325
55447143.7,325
55447166.7,325
55447178.5,325
55447322.1,325
55445192.2,326
55445205.6,326
55447188.4,326
55447205.8,326
55447241.7,326
55445232.0,327
55447141.1,327
55447159.2,327
55447394.2,327
55445190.7,328
55445209.8,328
55447126.3,328
55447284.4,328
55447086.1,329
55447095.6,329
55447177.4,329
55447210.9,329
55445214.1,330
55447130.6,330
55447183.5,330
55445092.3,331
55447138.9,331
55447198.5,331
55447211.9,331
55447290.1,331
55445133.2,332
55447041.9,332
55447111.2,332
55447184.3,332
55447152.8,333
55447203.0,333
55447386.5,333
55445267.5,334
55447201.4,334
55447236.3,334
55445836.1,335
55447119.7,335
55447105.8,336
55447046.3,337
55447128.8,337
55447184.6,337
55445263.2,338
55447104.3,338
55445141.2,339
55445245.6,339
55445269.7,339
55447180.5,339
55447153.6,340
55445311.7,341
55447168.3,341
55445270.9,342
55447146.6,342
55447169.5,342
55447193.4,342
55447217.2,342
55445189.4,343
55445238.6,343
55445311.7,343
55447124.6,343
55447130.6,343
55447168.7,343
55447211.8,343
55445257.4,344
55445281.5,344
55447019.5,344
55447153.2,344
55447165.4,344
55445223.4,345
55447187.5,345
55447225.7,345
55447284.8,345
55445248.7,346
55445259.4,346
55445273.1,346
55447078.8,346
55447114.3,346
55447193.3,346
55447203.7,346
55445134.6,347
55445248.5,347
55447162.0,347
55447177.9,347
55447184.5,347
55447122.9,348
55447166.3,348
55445230.9,349
55447142.8,349
55447154.9,349
55447205.6,349
55445092.3,350
55447130.4,350
55447187.1,350
55447125.3,351
55447153.6,351
55447191.4,351
55447222.4,351
55447231.4,351
55447800.2,351
55445178.2,352
55445230.4,352
55447189.1,352
55445306.4,353
55447097.5,353
55447101.1,353
55447134.6,353
55447096.1,354
55447117.6,354
55445189.0,355
55447124.4,355
55447170.2,355
55447241.8,355
55445211.1,356
55445223.3,356
55447210.2,356
55447416.4,356
55445153.1,357
55445243.5,357
55445258.6,357
55447124.9,357
55447155.2,357
55447168.4,357
55447197.8,357
55447210.7,357
55445167.1,358
55447104.6,358
55447153.2,359
55447179.1,359
55447219.4,359
55447085.3,360
55445094.3,361
55447125.9,361
55447143.3,361
55447147.9,361
55447084.7,362
55447147.1,362
55447174.9,362
55447219.9,362
55445164.7,363
55447141.2,363
55447153.9,363
55447235.5,363
55447249.3,363
55447318.5,363
55447163.3,364
55447185.8,364
55447190.9,364
55447112.6,365
55447116.1,365
55447125.6,365
55447215.0,365
55445212.8,366
55447067.4,366
55447124.3,366
55447144.1,366
55447150.8,366
55447155.1,366
55447175.1,366
55447181.5,366
55445252.9,367
55445331.2,367
55447206.2,367
55447242.0,367
55445243.0,368
55445355.6,368
55447156.8,368
55447174.5,368
55447226.4,368
55447255.1,368
55447073.1,369
55447141.2,369
55447180.8,369
55445262.8,370
55447110.0,370
55447174.9,370
55447396.0,370
55445237.0,371
55447107.5,371
55445186.8,372
55445293.7,372
55447162.2,372
55447216.4,372
55447228.2,372
55445222.9,373
55445843.4,373
55446359.9,373
55447143.0,373
55447169.3,373
55447184.2,373
55447188.3,373
55447207.6,373
55447245.0,373
55445329.9,374
55447115.1,374
55447136.6,374
55447164.5,374
55447220.0,374
55445201.6,375
55445371.3,376
55447126.4,376
55447179.0,376
55447191.7,376
55447207.7,376
55447223.2,376
55445246.0,377
55445271.8,377
55447171.1,377
55447184.4,377
55445148.0,378
55445246.7,378
55447182.7,378
55447205.8,378
55445198.8,379
55445219.8,379
55445267.9,379
55445308.9,379
55447121.8,379
55447171.8,379
55447214.2,379
55447677.1,379
55445240.0,380
55447191.3,380
55447232.2,380
55445237.3,381
55445278.0,381
55445516.5,381
55447083.8,381
55447130.4,381
55447164.4,381
55445195.5,382
55447075.3,382
55447181.2,382
55447214.3,382
55447513.2,382
55445148.1,383
55447144.0,383
55447164.9,383
55447171.2,383
55447196.0,383
55447229.3,383
55445323.9,384
55447052.6,384
55447121.1,384
55447214.0,384
55447237.5,384
55447214.0,385
55445218.8,386
55447098.6,386
55447126.8,386
55447208.4,386
55447213.9,386
55447328.7,386
55445167.5,387
55447218.6,388
55447225.0,388
55447247.0,388
55448170.2,388
55447147.4,389
55447179.1,389
55447187.0,389
55447244.0,389
55447151.0,390
55445289.7,391
55447121.6,391
55447194.8,392
55445180.8,393
55445256.2,393
55447246.0,393
55447122.7,394
55447203.2,394
55445163.7,395
55445344.4,395
55447090.5,395
55447151.7,395
55447198.8,395
55445163.0,396
55447132.4,396
55447135.9,396
55447247.5,396
55447255.3,396
55447172.8,397
55447176.4,397
55447194.9,397
55447278.9,397
55447288.6,397
55445246.3,398
55445289.8,398
55447140.7,398
55447189.4,398
55445214.1,399
55445227.2,399
55445237.6,399
55447214.0,399
55447122.0,400
55447143.4,400
55445249.1,401
55447130.3,401
55445230.6,402
55445281.0,402
55447130.3,402
55447135.3,402
55447295.9,402
55445751.1,403
55447139.5,403
55447191.6,403
55447244.3,403
55445214.8,404
55445240.3,404
55447121.7,404
55447251.3,404
55445356.8,405
55445535.2,405
55447118.2,405
55447140.6,405
55447184.3,405
55447220.2,405
55447263.3,405
55447078.3,406
55447147.5,406
55447179.0,406
55447205.3,406
55445254.4,407
55445283.5,407
55447149.7,407
55447194.2,407
55447256.4,408
55447281.7,408
55445258.2,409
55447061.1,409
55447084.1,409
55447158.8,409
55447210.5,409
55447162.1,410
55447179.8,410
55447096.4,412
55447173.2,412
55447239.9,412
55447155.9,413
55447193.6,413
55447279.4,413
55445222.6,414
55445271.6,414
55445299.9,414
55445379.9,414
55447094.4,414
55447107.6,414
55447144.9,414
55447217.3,414
55447149.3,415
55447198.8,416
55445220.2,417
55447233.8,417
55445103.7,418
55445260.9,418
55447189.9,418
55447346.6,418
55445260.7,419
55447165.1,419
55447198.6,419
55445314.7,420
55447283.4,420
55447811.7,420
55445204.7,421
55445607.2,421
55447102.2,421
55447118.9,421
55447166.1,421
55445171.5,422
55447139.1,422
55447207.8,422
55445182.8,423
55447166.0,423
55447172.0,423
55447198.2,423
55447210.5,423
55447245.6,423
55447217.3,424
55447200.4,425
55447220.6,425
55447269.3,425
55445206.1,426
55445325.5,426
55447133.5,426
55447267.5,426
55447274.6,426
55447114.0,427
55447151.7,427
55445308.7,428
55445319.3,428
55447073.9,428
55447121.2,428
55447218.3,428
55445277.9,429
55447157.2,429
55447189.1,429
55447194.3,429
55445198.4,430
55447160.5,430
55447183.1,430
55447186.2,430
55447116.3,431
55447226.8,431
55447238.3,431
55445220.3,432
55447133.4,432
55447154.0,432
55447162.5,432
55447196.7,432
55447231.3,432
55445239.2,433
55447125.3,433
55447287.2,433
55445164.3,434
55445182.8,434
55445268.9,434
55447166.2,434
55447175.4,434
55445118.8,435
55445367.1,435
55447078.3,435
55447132.5,435
55447153.8,435
55447216.2,435
55447234.8,435
55447475.7,435
55447159.0,436
55447187.6,436
55447250.4,436
55447461.1,436
55447118.6,437
55447176.4,437
55447181.8,437
55447195.8,437
55447174.5,438
55447255.3,438
55445222.5,439
55445274.5,439
55447142.6,439
55447162.8,439
55447218.0,439
55447246.0,439
55447360.5,439
55447552.4,439
55447085.9,440
55447162.5,440
55447188.6,440
55447198.8,440
55447206.9,440
55447155.1,441
55447189.5,441
55447198.2,441
55447213.3,441
55447224.8,441
55447254.4,441
55445192.9,442
55445261.2,442
55447134.5,442
55447140.8,442
55447242.1,442
55447136.8,443
55447146.5,443
55447149.1,443
55447223.7,443
55447232.5,443
55445203.4,444
55447224.4,444
55447242.7,444
55447538.4,444
55447089.4,445
55447133.3,445
55447212.1,445
55447233.5,445
55447250.3,445
55447186.0,446
55445288.1,447
55447105.6,448
55447131.7,448
55447165.1,448
55445233.3,449
55445568.6,449
55447236.6,449
55447335.6,449
55445234.2,450
55447131.6,450
55447225.9,450
55445222.2,451
55445230.0,451
55445242.6,451
55447128.1,451
55447170.2,451
55447187.0,451
55447192.7,451
55447237.4,451
55445249.0,452
55447120.9,452
55447173.1,452
55447213.0,452
55447243.0,452
55447128.0,453
55447131.5,453
55447179.1,453
55447217.1,453
55445235.6,454
55445268.5,454
55447165.8,454
55447316.7,454
55445258.9,455
55445265.1,455
55447132.1,455
55445190.8,456
55445244.5,456
55445259.7,456
55447171.9,456
55447196.3,456
55447262.7,456
55447103.4,457
55447137.8,457
55447161.5,457
55447185.8,457
55447187.6,457
55447221.2,457
55447196.0,458
55445218.7,459
55447170.3,459
55447070.0,460
55447150.4,460
55447184.8,460
55447214.5,460
55445210.6,461
55445219.7,461
55447173.4,461
55447204.3,461
55447235.1,461
55447711.0,461
55447128.6,462
55447210.0,462
55445223.6,463
55447138.8,463
55447146.4,463
55447158.9,463
55447213.1,463
55447230.4,463
55447838.2,463
55447916.9,463
55447140.8,464
55447183.4,464
55447204.4,464
55447301.7,464
55447145.5,465
55447184.8,465
55445184.9,466
55447254.4,466
55445065.1,467
55447111.1,467
55447192.2,467
55447130.1,468
55447159.2,468
55447171.8,468
55447235.1,468
55447300.6,469
55447305.9,469
55447084.5,470
55447135.6,470
55447218.8,470
55447221.9,470
55445196.2,472
55447247.9,472
55445234.2,473
55447164.5,473
55447238.9,473
55447155.4,474
55447752.1,474
55445144.1,475
55445199.3,475
55447127.2,475
55447173.0,475
55447231.0,475
55447250.8,475
55445277.1,476
55447097.0,476
55447172.5,476
55447189.8,476
55447158.8,477
55447217.1,477
55447315.8,477
55445111.5,478
55445272.0,478
55447197.1,478
55445237.7,479
55447129.6,479
55447170.3,479
55447179.4,479
55447187.6,479
55447121.3,480
55445302.1,481
55445282.1,482
55447148.7,482
55447218.7,482
55447275.3,482
55447125.4,483
55447182.5,483
55447215.5,483
55445291.4,484
55447069.7,484
55447084.2,484
55447088.5,484
55447193.6,484
55447212.7,484
55445220.2,485
55447155.4,485
55447204.9,485
55447227.9,485
55447207.2,486
55447582.0,486
55445267.0,487
55445285.6,487
55447189.4,487
55447255.9,487
55447227.7,488
55445192.1,489
55445282.8,490
55447090.8,490
55447199.3,490
55447205.8,490
55447224.0,490
55447815.1,490
55447077.4,491
55447170.2,491
55447173.5,491
55447177.6,491
55447218.3,491
55445172.6,492
55445261.4,492
55447168.3,492
55447186.2,492
55447187.8,492
55447169.6,493
55447202.2,493
55445166.6,494
55445253.8,494
55445299.7,494
55447058.6,494
55447168.2,494
55447253.8,494
55445264.2,495
55445272.3,495
55447137.9,495
55447177.6,495
55447202.7,495
55447218.3,495
55447248.1,495
55445227.4,496
55445285.8,496
55447104.1,496
55447376.4,496
55445241.2,497
55447216.8,497
55447256.8,498
55447144.1,499
55447151.8,499
55447261.9,499
55447119.4,500
55447188.6,500
55447213.8,500
55447217.6,500
55445197.6,501
55445214.9,501
55445231.2,501
55447080.3,501
55447167.5,501
55447201.7,501
55447289.1,501
55445267.4,502
55447177.8,502
55447181.3,502
55447205.3,502
55447221.6,502
55445161.2,503
55447172.1,503
55447193.1,503
55447205.8,503
55447214.9,503
55445214.1,504
55445275.5,504
55445397.8,504
55447184.4,504
55447201.8,504
55447214.0,504
55447238.4,504
55447287.5,504
55445253.0,505
55445262.8,505
55447137.9,505
55447235.7,505
55445235.0,506
55445243.3,506
55447155.3,506
55447160.3,506
55447171.6,507
55447231.4,507
55447308.8,507
55445225.9,508
55447195.5,508
55447204.4,508
55447237.3,508
55445244.9,509
55445247.9,509
55447123.3,510
55447140.8,510
55447217.0,510
55445182.9,511
55445187.1,511
55447219.8,511
55445263.4,512
55445271.0,512
55445272.2,512
55445278.7,512
55447145.8,512
55447192.3,512
55447211.2,512
55447157.1,513
55445236.6,514
55447117.5,514
55447162.4,514
55447165.5,514
55447177.9,514
55447187.1,514
55447197.0,514
55447210.1,514
55447187.8,515
55447206.2,515
55447215.3,515
55447223.9,515
55447116.0,516
55447134.6,516
55447197.4,516
55447210.4,516
55445253.4,517
55447076.8,517
55447176.2,517
55447219.8,517
55445168.0,518
55445242.1,518
55447171.1,518
55447188.6,518
55447224.7,518
55447097.4,519
55447124.5,519
55445218.4,521
55445233.0,521
55447175.5,521
55447196.5,521
55447112.3,522
55447123.0,522
55447139.3,522
55445236.8,523
55447036.8,523
55447159.0,523
55447166.8,523
55447357.4,523
55445179.2,524
55445269.6,524
55447103.1,524
55447151.0,524
55447169.7,524
55447209.5,524
55445217.8,525
55447162.9,525
55447205.1,525
55447221.1,525
55445215.4,526
55447149.8,526
55447152.9,526
55447175.1,526
55447201.5,526
55447212.7,526
55447245.4,526
55447376.1,526
55445178.5,527
55445237.2,527
55447180.6,527
55447199.4,527
55447221.1,527
55447231.9,527
55447262.0,527
55445266.2,528
55447142.0,528
55447183.0,528
55447243.5,528
55445235.7,529
55445295.2,529
55447176.2,529
55447142.8,530
55447172.1,530
55447182.3,530
55447187.0,530
55447204.8,530
55447222.1,530
55447288.0,530
55445173.8,531
55445218.9,531
55447241.7,531
55445177.5,532
55445230.7,532
55445237.7,532
55447182.9,532
55445280.0,533
55447209.8,533
55447212.9,533
55447242.4,533
55447135.9,534
55445102.4,535
55445258.8,535
55445275.6,535
55445307.0,535
55447157.5,535
55447182.5,536
55447220.9,536
55447195.2,537
55447179.0,538
55447284.2,538
55447301.4,538
55445284.9,539
55447101.7,539
55447146.9,539
55445201.4,540
55447136.4,540
55447182.5,540
55447197.3,540
55447206.6,540
55447804.6,540
55445160.1,541
55447185.0,541
55447236.3,541
55445215.2,542
55447179.9,542
55445288.4,543
55445342.8,543
55447144.8,543
55447181.1,543
55445342.9,544
55447171.7,544
55447177.5,544
55447179.8,544
55447211.3,544
55447228.6,544
55447229.9,544
55445288.3,545
55447203.6,545
55445220.7,546
55447136.9,546
55447173.1,546
55447216.2,546
55445179.6,547
55445282.6,547
55447102.5,547
55447107.6,547
55447112.7,547
55447205.4,547
55445301.6,548
55447254.0,548
55445227.4,549
55445255.1,549
55447200.9,549
55445267.3,550
55447183.5,550
55447242.8,551
55445256.5,552
55445297.3,552
55447024.7,552
55447105.2,552
55447148.2,552
55447202.1,552
55445245.5,553
55447142.6,553
55447150.5,553
55447152.0,553
55447170.0,553
55447186.6,553
55447231.9,553
55445156.4,554
55447053.2,554
55447177.1,554
55447202.5,554
55447207.4,554
55447214.6,554
55445202.0,555
55445206.9,555
55445327.6,555
55447215.5,555
55445278.2,556
55447151.7,556
55447361.5,556
55445155.1,557
55447119.3,557
55447171.5,557
55447195.1,557
55447288.3,557
55445292.7,558
55447095.7,558
55447136.9,558
55447175.2,558
55447236.2,558
55447273.6,558
55445250.7,559
55445278.4,559
55447125.6,559
55447438.5,559
55445205.5,560
55445215.9,560
55445225.5,560
55447134.1,560
55447156.5,560
55447197.8,560
55447172.2,561
55447276.2,561
55447142.1,562
55447170.8,562
55447175.1,562
55447211.6,562
55445213.9,563
55445392.4,563
55447123.6,563
55447146.4,563
55447194.8,563
55445210.0,564
55447033.6,564
55447172.9,564
55447126.6,565
55447153.6,565
55447174.9,565
55447205.1,565
55447212.4,565
55447078.5,566
55447158.6,566
55447182.2,566
55445251.8,567
55445253.2,567
55445289.1,567
55445326.8,567
55447181.8,567
55447186.4,567
55447190.0,568
55447207.0,568
55447239.2,568
55447261.6,568
55447273.4,568
55447154.0,569
55447163.8,569
55447210.9,569
55447230.4,569
55445225.8,570
55445245.0,570
55445309.5,570
55447149.6,570
55447156.0,570
55447205.2,570
55447245.7,570
55447377.1,570
55447144.1,571
55445198.6,572
55445258.0,572
55447176.3,572
55447197.7,572
55447181.7,573
55445274.6,574
55447144.9,574
55447163.4,574
55447235.5,575
55447268.0,575
55447288.5,575
55445143.9,576
55447101.4,576
55445223.3,577
55447090.9,577
55447177.9,577
55447192.8,577
55447217.5,577
55447315.8,577
55447124.2,578
55447183.1,578
55447189.8,578
55447255.3,578
55447136.2,579
55447154.4,579
55447181.7,579
55447189.6,579
55447196.5,579
55445215.3,580
55447118.5,580
55447134.6,580
55447215.1,580
55447223.8,580
55445184.7,581
55447160.6,581
55447202.8,581
55447211.9,581
55445288.0,582
55447121.7,582
55447147.6,582
55447153.2,582
55447179.9,582
55445161.5,583
55447128.0,583
55447148.6,583
55447191.7,583
55447216.3,583
55447111.2,584
55445239.1,585
55447025.7,585
55447098.2,585
55447148.1,585
55447164.4,585
55447166.8,585
55447191.4,585
55447223.2,585
55445228.9,586
55447072.5,586
55447128.1,586
55447166.2,586
55447186.0,586
55447224.9,586
55445187.6,587
55445214.3,587
55445242.9,587
55447111.0,587
55447170.5,587
55447695.2,587
55445234.4,588
55445265.7,588
55445293.2,588
55447191.2,588
55447257.1,588
55445212.9,589
55447161.7,589
55447195.6,589
55447200.0,589
55445246.4,590
55447188.1,590
55447212.8,590
55447241.6,590
55447208.3,591
55445170.2,592
55447167.8,592
55445177.8,594
55445184.2,594
55445227.2,594
55447133.1,594
55447148.2,594
55447182.6,594
55447242.0,594
55447104.3,595
55447169.9,595
55445115.2,596
55445263.9,596
55445325.6,596
55447162.3,596
55447128.3,597
55447155.9,597
55447210.0,597
55445170.2,598
55447141.6,598
55447184.7,598
55447186.8,598
55445195.3,599
55447078.7,599
55447098.4,599
55447181.2,599
55445157.6,600
55445263.4,600
55445310.6,600
55447090.7,600
55447155.4,600
55447180.1,600
55447245.8,600
55445211.8,601
55445228.2,601
55445209.5,602
55447119.3,602
55447137.8,602
55445188.0,603
55445748.6,603
55447166.6,603
55447173.0,603
55447199.2,603
55445173.8,604
55447146.8,604
55447198.2,604
55445170.9,605
55447187.6,605
55445248.6,606
55447123.8,606
55447129.2,606
55447173.9,606
55447183.0,606
55447218.2,606
55447221.7,606
55447225.8,606
55445198.9,607
55447183.0,607
55447272.4,607
55447219.6,608
55447240.9,608
55445211.1,609
55445234.0,609
55447079.6,609
55447143.0,609
55447217.9,609
55447238.2,609
55447144.9,610
55447154.9,610
55447157.8,610
55447160.9,610
55447252.0,610
55447262.5,610
55447165.6,611
55445239.2,612
55447049.6,612
55447151.6,613
55447203.2,613
55445232.0,614
55446264.7,614
55447204.8,614
55447056.7,615
55447155.1,615
55447133.6,616
55447168.8,616
55447229.2,616
55447115.6,617
55447151.9,617
55447206.6,617
55447384.0,617
55447180.6,618
55447193.0,618
55447203.4,618
55447254.3,618
55447255.9,618
55447141.7,619
55447211.8,619
55447330.8,619
55447119.0,620
55447163.3,620
55447194.1,620
55445261.1,622
55447164.6,622
55445252.4,623
55447176.3,623
55447187.5,623
55447226.7,623
55447228.9,623
55445297.7,624
55447118.6,624
55447173.8,624
55447221.3,624
55447241.7,624
55447893.5,624
55445239.5,625
55447191.5,625
55445254.1,626
55445270.4,626
55447160.7,626
55447171.4,626
55447221.1,626
55447151.9,627
55447439.3,627
55445198.3,628
55447164.6,628
55445232.6,629
55445245.9,629
55447222.6,630
55445426.0,631
55447147.2,631
55447159.7,631
55447180.8,631
55447228.3,631
55447270.7,631
55445231.5,632
55445270.0,632
55447141.6,632
55447199.3,632
55445194.6,633
55445248.2,633
55447098.0,633
55445247.3,634
55445292.6,634
55447127.7,634
55447160.5,634
55447162.7,634
55447175.1,634
55447203.4,634
55447215.0,634
55447223.3,634
55447176.3,635
55447186.5,635
55447230.4,635
55445208.7,636
55445281.2,636
55447112.6,636
55447118.4,636
55447155.8,636
55447170.1,636
55447140.6,637
55447150.1,637
55447157.3,637
55447207.8,637
55447233.8,637
55447190.8,639
55447217.9,639
55447542.3,639
55445254.3,640
55447136.7,640
55447191.1,640
55447196.2,640
55445193.8,641
55445218.1,641
55447147.9,641
55447157.8,641
55447245.8,641
55447195.0,642
55447238.6,642
55447172.7,643
55447181.9,643
55447210.9,643
55447213.5,643
55447254.2,643
55447383.6,643
55445252.8,644
55447187.8,644
55447260.0,644
55445282.8,645
55445330.6,645
55449246.8,645
55447150.5,646
55447172.1,646
55447192.5,646
55447197.7,646
55447228.4,646
55447137.6,647
55445255.1,648
55445529.9,648
55447168.3,648
55447199.7,648
55445280.2,649
55445317.5,649
55447154.3,649
55447218.1,649
55447900.2,649
55447163.6,650
55447213.2,650
55447129.9,651
55447215.8,651
55447162.4,652
55447201.6,652
55447213.7,652
55445162.2,653
55445221.2,653
55447125.1,653
55447136.5,653
55447138.0,653
55447189.8,653
55447272.9,653
55445125.1,654
55445332.3,654
55447199.5,654
55447387.0,654
55445256.5,655
55447242.1,655
55447150.7,656
55447170.7,656
55447173.5,656
55447193.2,656
55445220.0,658
55445316.6,658
55447149.7,658
55447182.5,658
55447205.8,658
55445239.6,659
55447148.9,659
55447136.9,660
55447152.8,660
55447159.7,660
55447163.7,660
55447165.9,660
55447042.6,661
55447177.5,661
55447249.5,661
55445229.2,662
55447125.8,662
55447179.7,662
55447216.6,662
55447250.1,662
55445253.2,663
55445262.8,663
55447186.2,663
55447068.7,664
55447079.4,664
55447220.5,664
55447082.1,665
55447138.3,665
55447171.2,665
55447200.2,665
55447204.2,665
55447217.5,665
55447165.6,666
55447217.3,666
55445187.8,667
55445234.3,667
55447263.9,667
55445162.1,668
55445225.0,668
55445233.4,668
55445256.8,668
55447147.8,668
55447153.3,668
55447242.2,668
55445194.0,669
55445272.6,669
55447027.0,669
55445210.2,670
55447131.6,670
55447197.3,670
55447087.8,671
55445183.8,672
55445220.7,672
55445283.5,672
55446305.4,672
55447176.2,672
55445231.8,673
55445234.7,673
55447204.9,673
55447172.6,675
55447200.1,675
55447244.1,675
55447259.8,675
55445260.6,676
55447160.7,676
55447198.4,676
55447223.3,676
55447234.0,676
55445223.0,677
55447164.9,677
55447220.1,677
55447109.3,678
55447208.6,678
55447232.8,678
55447186.6,679
55447211.6,679
55447169.1,680
55447213.6,680
55447135.5,681
55447185.4,681
55447187.7,681
55447131.7,682
55447148.4,682
55447170.4,682
55447179.8,682
55447187.5,682
55445257.7,683
55445138.6,684
55447170.6,684
55447172.2,684
55447217.7,684
55445290.0,685
55447179.2,685
55447407.7,685
55447144.3,686
55447180.2,686
55447190.5,686
55447233.6,686
55447156.2,687
55447201.5,687
55447224.8,687
55447226.9,687
55445276.9,688
55447163.6,689
55447183.6,689
55447243.8,689
55447180.7,690
55447200.3,690
55445254.7,691
55447124.6,691
55445258.6,692
55445277.6,692
55447223.3,692
55447263.4,692
55445220.8,693
55447197.4,693
55447212.1,693
55447264.8,693
55445259.5,694
55447136.2,694
55447197.1,694
55445193.7,695
55445262.1,695
55447189.1,695
55445205.5,696
55445303.9,696
55447146.9,696
55447152.8,696
55447239.9,696
55447165.3,697
55447172.7,697
55445257.3,698
55447109.2,698
55447158.6,698
55447169.0,698
55447552.3,698
55445128.5,699
55445231.7,699
55445279.0,699
55445201.5,700
55447188.8,700
55445199.9,701
55447197.9,701
55445227.4,702
55447117.5,702
55447149.0,702
55447128.9,703
55447190.5,703
55447198.8,703
55447299.8,703
55445233.8,704
55447130.6,704
55447190.2,704
55447236.9,704
55445244.7,705
55447098.7,705
55447141.0,705
55447190.3,705
55447202.3,705
55447222.5,705
55445236.6,706
55447106.3,706
55447148.1,706
55447183.4,706
55447194.5,706
55445292.4,707
55447245.9,707
55447074.5,708
55447142.6,708
55447220.1,708
55447279.4,708
55447457.7,708
55445356.8,709
55447136.3,709
55447161.2,709
55447176.3,709
55445229.3,710
55445259.6,710
55445285.8,710
55447181.1,710
55447205.8,710
55445216.2,711
55445233.7,711
55447236.3,711
55445176.4,712
55445216.1,712
55447046.8,712
55447230.4,712
55445241.4,713
55445246.2,713
55447181.7,713
55447215.2,713
55445227.1,714
55445356.5,714
55447116.5,714
55447152.0,714
55447153.9,714
55447168.8,714
55447181.6,714
55447083.3,715
55447229.6,715
55447269.4,715
55447309.6,715
55445241.7,716
55445618.7,716
55447102.2,716
55447113.6,716
55447048.8,717
55447160.0,717
55445226.2,718
55445349.4,718
55445919.9,718
55447221.1,718
55447230.8,718
55445154.4,719
55445237.2,719
55447219.2,719
55447130.0,720
55447168.9,720
55447239.8,720
55445076.7,722
55447188.2,722
55447194.2,722
55447368.3,722
55445219.8,723
55447209.0,723
55447217.3,723
55447240.1,723
55445250.1,724
55447070.8,724
55447154.0,724
55447171.7,724
55447201.8,724
55445171.6,725
55445256.1,725
55447095.3,725
55447445.4,725
55447141.3,726
55447157.6,726
55447148.6,727
55447164.0,727
55447171.7,727
55447153.9,728
55447161.7,728
55447144.5,729
55447166.7,729
55447194.0,729
55447083.8,730
55447124.4,730
55447150.9,730
55447154.0,730
55447188.9,730
55447056.9,731
55447118.1,731
55447122.7,731
55447176.8,731
55447185.0,731
55447188.4,731
55447213.8,731
55447295.9,731
55445264.2,732
55445273.5,732
55447148.4,732
55447163.2,732
55447171.2,732
55445158.4,733
55447124.7,733
55447162.4,733
55447244.2,733
55445202.8,734
55447080.6,734
55447192.2,734
55447269.3,734
55445243.5,735
55445246.3,735
55445281.4,735
55445370.6,735
55447189.1,735
55447204.0,735
55447221.4,735
55447162.1,736
55447167.6,736
55445180.3,737
55445292.0,737
55447091.6,737
55447168.4,737
55447193.4,737
55447220.6,737
55445237.4,738
55445279.1,738
55447151.7,738
55447199.6,738
55447270.6,738
55445264.1,739
55447146.3,739
55447155.7,739
55447166.4,739
55447181.9,739
55447184.5,739
55445281.8,740
55445245.9,741
55447143.0,742
55447166.3,742
55447225.0,742
55445262.3,743
55445271.4,743
55447165.0,743
55447176.3,743
55447192.3,744
55447248.5,744
55445277.4,745
55447138.0,745
55447162.3,745
55447198.1,745
55445230.6,746
55447141.0,746
55447158.4,746
55447181.8,746
55447184.2,746
55445155.8,747
55447099.1,747
55447131.4,747
55445244.2,748
55445297.5,748
55445344.7,748
55447199.0,748
55445214.7,749
55447152.7,749
55447248.4,749
55445206.9,750
55447150.5,750
55447183.9,750
55447200.7,750
55447238.3,750
55447269.8,750
55445138.4,751
55447201.5,751
55447131.3,752
55447153.8,752
55447175.1,752
55447189.0,752
55447217.1,752
55447248.2,752
55447182.8,753
55447314.8,753
55447015.8,754
55447180.2,754
55447185.8,754
55447699.7,754
55445287.1,755
55447183.8,755
55447196.9,756
55445179.1,757
55447174.5,757
55447202.2,757
55447230.8,757
55447238.0,757
55447158.8,758
55447167.5,758
55447172.2,758
55447135.6,759
55447174.1,759
55445235.4,760
55445284.1,760
55447056.0,760
55447169.2,760
55445220.8,761
55445645.6,761
55447132.8,761
55447126.4,762
55447189.9,762
55447214.8,762
55445197.5,763
55445231.0,763
55447203.8,763
55445335.4,764
55447133.9,764
55445246.7,765
55447175.7,765
55447205.3,765
55447118.1,766
55447164.0,766
55447190.3,766
55447206.3,766
55445217.2,767
55447204.0,767
55447774.8,767
55447171.5,768
55447175.4,768
55447179.5,769
55447207.5,769
55445184.6,770
55447150.4,770
55447160.1,770
55447187.6,770
55445242.2,771
55447156.7,771
55447170.1,771
55445244.9,772
55445262.3,772
55445193.6,773
55447135.0,773
55447156.1,773
55447244.2,773
55446398.1,774
55447161.2,774
55447168.0,774
55447182.0,774
55447103.0,775
55447138.7,775
55447188.6,775
55447706.0,775
55445133.5,776
55445148.6,776
55445161.5,776
55447247.8,776
55447156.3,777
55447180.0,777
55447079.6,778
55447120.2,778
55447145.7,778
55447364.5,778
55447742.2,778
55445192.5,779
55445199.3,779
55445258.6,779
55445280.6,779
55445204.8,780
55446100.5,780
55447018.3,781
55447152.9,781
55447164.6,781
55447191.1,781
55447214.4,781
55445393.6,782
55447120.6,782
55447202.2,782
55447213.5,782
55447177.7,783
55445199.4,784
55447147.3,784
55447155.0,784
55447168.0,784
55447191.1,784
55447193.0,784
55447199.3,784
55447222.1,784
55447250.4,784
55447267.5,784
55445210.4,785
55447088.0,785
55447167.6,785
55447169.4,785
55447229.9,785
55447368.4,785
55445220.7,786
55447096.1,786
55447158.4,786
55447177.4,786
55447178.4,786
55447213.8,786
55445248.4,787
55447117.9,787
55447280.0,787
55445135.0,788
55447177.9,788
55447179.9,788
55445234.1,789
55445236.7,789
55446028.1,789
55447186.3,789
55447202.5,789
55445278.3,790
55447206.1,791
55447221.4,791
55445359.8,793
55447114.5,793
55447170.9,793
55447187.2,793
55445112.0,794
55445123.2,794
55445194.7,795
55445288.2,795
55447090.6,795
55447176.2,795
55447181.8,795
55447356.8,795
55447178.3,796
55445184.4,797
55445186.4,797
55447192.2,797
55447257.9,797
55447301.8,797
55445202.2,798
55445279.1,798
55447132.8,798
55447136.5,799
55447173.8,799
55447177.0,799
55447197.2,800
55447406.7,800
55447156.7,801
55447169.6,801
55447254.6,801
55447119.8,802
55447123.6,802
55445251.1,803
55447197.8,803
55447214.1,803
55445173.1,804
55445206.7,804
55445284.6,804
55447131.4,804
55447223.6,804
55447226.0,804
55447128.1,805
55447157.3,805
55447184.9,805
55447193.6,805
55447256.0,805
55447150.4,806
55447197.4,806
55447049.5,807
55448167.1,807
55447159.0,808
55447169.8,808
55447216.5,808
55445187.0,809
55445210.4,809
55447178.9,809
55447188.2,810
55447209.9,810
55447216.4,810
55447222.7,810
55447249.0,810
55447097.7,811
55447243.1,811
55445505.6,812
55445542.8,812
55447218.5,812
55447200.9,813
55447188.1,814
55445130.4,815
55445203.8,815
55445216.1,815
55447142.8,815
55447171.8,815
55447175.2,815
55447184.7,815
55447326.0,815
55447108.2,816
55447138.9,816
55447149.4,816
55447177.0,816
55447200.9,816
55447259.9,816
55447153.8,817
55447162.9,817
55445275.4,818
55447034.8,819
55447171.4,819
55447189.7,819
55447195.9,819
55447196.2,820
55447224.7,820
55445254.2,821
55447143.0,821
55447246.6,821
55445225.9,822
55447160.8,822
55447211.1,822
55447144.2,823
55447160.2,823
55447188.1,823
55445250.6,824
55447142.7,824
55447203.4,824
55447218.5,824
55445238.0,825
55447081.2,826
55447049.5,827
55447099.7,827
55447120.5,827
55447167.7,827
55447186.5,827
55447195.8,827
55445190.3,828
55445195.6,828
55447143.6,828
55447154.8,828
55447165.4,828
55445227.0,829
55445300.0,829
55447104.6,829
55447124.4,829
55445221.2,830
55445230.1,830
55447159.7,830
55447163.0,830
55447166.0,830
55447175.5,830
55447180.6,830
55447195.8,830
55447732.3,830
55447199.9,831
55447268.7,831
55445180.0,832
55445190.8,832
55447214.8,832
55447295.7,832
55447492.6,832
55447162.3,833
55447175.0,833
55447192.1,833
55447202.0,833
55447258.6,833
55445131.6,834
55447104.5,834
55447115.7,834
55447186.9,834
55447198.1,834
55447235.5,834
55447145.4,835
55447161.8,835
55447226.9,835
55445141.2,836
55445161.7,836
55447200.2,836
55445245.4,837
55445287.7,837
55447054.3,837
55447068.8,837
55447202.7,837
55445121.4,838
55445191.4,838
55445262.1,838
55445278.9,838
55447073.3,838
55447078.7,838
55447157.7,838
55447178.9,838
55445264.5,839
55447134.6,839
55447166.7,839
55447182.8,839
55447224.4,839
55445321.4,840
55447116.2,840
55447211.4,840
55445255.3,841
55445655.1,841
55447102.2,841
55447166.2,841
55447200.9,841
55447078.3,842
55447160.8,842
55447195.4,842
55447219.5,842
55447272.9,842
55447281.0,842
55445248.3,843
55445296.1,843
55447094.7,843
55447167.1,843
55447174.7,843
55447244.4,843
55445439.8,844
55447155.2,844
55447159.9,844
55447111.3,845
55447133.8,845
55447158.7,845
55445168.3,846
55445233.9,846
55447139.7,846
55447210.6,846
55447157.8,847
55447134.3,848
55447138.9,848
55447171.4,848
55447217.7,848
55447216.4,849
55445211.2,850
55447138.2,850
55447156.3,850
55447226.8,850
55447139.6,851
55447220.5,851
55447225.0,851
55445292.5,852
55447203.2,852
55445174.4,853
55445180.8,853
55445275.7,853
55445307.6,853
55447235.5,853
55445177.5,854
55445506.0,854
55447109.3,854
55447143.0,854
55447163.7,854
55447174.3,854
55447221.0,854
55445199.1,855
55445295.9,855
55447270.2,855
55447197.8,856
55447212.9,856
55445200.2,857
55445230.7,857
55445279.8,857
55447140.0,857
55447702.2,857
55445264.2,858
55447167.4,858
55447236.3,858
55447203.4,859
55447119.4,860
55447167.5,860
55445163.9,861
55445230.9,861
55445237.7,861
55445240.2,861
55447077.4,861
55447138.2,861
55447200.4,861
55447096.4,862
55447110.7,862
55447179.4,862
55447199.2,862
55447215.0,862
55447218.2,863
55445219.9,864
55447173.4,864
55445176.4,865
55445202.4,865
55447109.2,865
55447146.0,865
55447158.3,865
55445306.3,866
55447100.0,866
55447128.9,866
55447179.7,866
55447312.9,866
55447529.5,866
55445325.6,867
55447153.2,867
55447154.8,867
55445305.7,868
55447191.4,869
55447210.4,869
55447289.6,869
55447308.3,869
55447117.1,870
55447165.0,870
55447170.7,870
55447278.7,870
55445190.7,871
55445236.2,871
55447182.9,871
55447194.7,871
55447267.2,871
55447192.4,872
55447257.9,872
55447327.7,872
55447177.6,873
55447199.4,873
55447255.1,873
55447319.2,873
55445230.9,874
55445278.2,874
55447082.7,874
55447156.1,874
55447163.4,874
55447174.4,874
55447206.0,874
55447227.1,874
55447798.4,874
55445252.3,875
55445270.9,875
55447233.5,875
55445237.2,876
55447149.2,876
55447196.2,876
55447222.4,876
55447225.2,876
55447245.8,876
55447250.1,876
55445238.4,877
55445284.9,877
55447146.0,877
55447204.0,877
55441772.8,878
55445229.5,878
55445439.2,878
55447154.5,878
55447212.2,878
55447910.1,878
55447154.4,879
55447215.2,879
55445221.6,880
55447143.4,880
55447180.0,880
55447196.1,880
55447212.5,880
55447163.1,882
55447220.1,882
55447228.3,882
55447418.2,882
55445257.8,883
55447168.3,883
55447194.4,883
55447217.2,883
55447129.3,884
55447152.4,884
55445215.4,885
55445294.7,885
55447236.7,885
55445298.5,886
55445362.7,886
55447138.8,886
55447230.0,886
55447235.3,886
55447346.0,887
55447370.0,887
55445195.1,888
55445203.1,888
55447126.7,888
55447136.9,888
55447172.5,888
55447179.9,888
55447202.2,888
55447206.9,888
55445266.7,889
55447189.5,889
55447203.1,889
55447217.4,889
55447240.0,889
55445140.9,890
55447176.3,890
55447235.1,890
55445379.1,891
55447150.8,891
55447197.4,891
55447214.7,891
55445234.1,892
55447140.6,892
55447166.5,892
55447182.8,892
55447265.1,892
55445186.8,893
55445217.9,893
55445223.3,893
55445785.6,893
55447201.5,893
55445159.0,894
55445223.3,894
55445300.7,894
55447153.6,894
55447184.8,894
55447221.3,894
55445144.6,895
55447177.8,895
55447189.2,895
55447219.5,895
55447227.4,895
55447241.8,895
55448014.8,895
55445247.1,896
55447056.4,896
55445315.6,897
55447167.3,897
55447213.0,897
55447240.4,897
55445274.4,898
55447196.7,898
55447248.0,898
55447262.1,898
55447648.9,898
55445175.3,899
55447162.1,899
55447207.8,899
55447269.7,899
55445197.7,900
55445252.2,900
55447134.7,900
55447180.4,900
55445249.2,901
55445356.5,901
55447122.6,901
55447168.3,901
55447205.3,901
55447227.8,901
55445297.3,902
55445321.2,902
55447185.6,902
55447216.1,902
55447532.5,902
55445463.6,903
55447179.8,903
55447192.4,903
55447242.4,903
55447730.9,903
55445205.6,904
55445246.8,904
55447120.1,904
55447247.8,904
55447167.1,905
55447176.9,905
55447189.5,905
55447194.0,905
55445281.0,906
55447075.1,906
55447176.1,906
55447180.8,906
55447192.9,906
55447198.7,906
55445258.5,907
55445263.0,907
55445279.5,907
55447141.8,907
55447212.0,907
55447683.4,907
55445248.5,908
55447145.5,908
55447169.5,908
55447253.7,908
55447093.1,909
55447131.2,909
55447153.6,909
55447192.0,909
55447439.4,909
55447114.9,910
55447149.0,910
55447208.6,910
55447211.4,910
55447235.4,910
55447170.8,911
55447173.8,911
55447226.5,911
55447853.6,911
55445186.5,912
55447134.8,912
55447152.7,912
55447274.9,912
55445245.7,913
55445456.7,913
55447159.8,913
55447165.7,913
55447177.3,913
55447190.8,913
55447234.7,913
55447105.3,914
55447165.9,914
55447196.1,914
55445234.5,915
55447075.6,915
55447090.4,915
55447154.0,915
55447158.9,915
55447166.7,915
55447213.7,915
55445184.6,916
55447124.0,916
55447157.0,916
55447168.8,916
55447175.6,916
55447179.3,916
55445223.5,917
55447134.4,917
55447137.4,917
55447178.3,917
55447285.6,917
55447176.0,918
55447179.3,918
55447197.8,918
55447216.5,918
55445325.7,919
55447195.6,919
55447219.9,919
55445234.6,920
55445399.8,920
55447180.1,920
55445230.1,921
55447135.1,921
55447148.6,921
55447182.8,921
55447220.2,921
55445291.7,922
55445310.7,922
55445321.4,922
55447103.9,922
55447137.7,922
55447192.2,922
55447207.7,922
55445104.0,923
55445202.4,923
55445211.5,923
55445240.3,923
55445297.0,923
55447143.7,923
55447179.6,923
55447185.0,923
55447457.1,923
55445153.7,924
55447153.1,924
55447218.2,924
55447151.6,925
55447168.4,925
55447187.1,925
55447201.2,925
55447208.4,925
55445135.8,926
55445157.2,926
55445219.1,926
55445282.3,926
55447163.1,926
55447113.0,927
55445238.1,928
55445318.6,928
55447165.3,928
55447184.7,928
55445205.3,929
55445869.7,929
55445192.7,930
55447149.7,930
55447181.1,930
55447224.1,930
55447230.1,930
55447106.6,931
55447204.0,931
55447214.4,931
55445225.1,932
55447121.8,932
55447155.5,932
55447207.9,932
55447232.8,932
55445201.8,933
55446226.0,933
55447127.8,933
55447150.6,933
55445127.5,934
55445326.9,934
55447121.9,934
55447132.6,934
55447174.8,934
55447146.6,935
55447208.5,935
55445188.4,936
55447198.3,937
55447229.3,937
55447264.4,937
55447698.7,937
55445234.5,938
55445591.6,938
55447128.2,938
55447159.2,938
55447324.3,938
55447162.7,939
55445203.6,940
55447136.8,940
55447138.9,940
55447150.1,940
55447153.8,940
55447171.1,940
55447211.1,940
55445299.7,941
55447178.3,941
55447275.1,941
55445152.4,942
55447188.2,942
55447248.4,942
55447295.5,942
55445215.7,943
55447160.2,943
55447196.7,943
55447570.4,943
55447866.1,943
55447134.7,944
55447154.5,944
55447166.0,944
55447182.8,944
55447237.4,944
55447166.2,945
55447203.2,945
55445232.6,946
55445244.4,946
55445253.6,946
55445292.7,946
55447116.2,946
55447168.6,947
55447181.3,947
55447220.6,947
55445183.7,948
55447167.4,948
55447180.9,948
55447202.8,948
55447221.9,948
55445274.4,949
55447090.4,949
55447148.4,949
55447151.5,949
55447200.3,949
55447271.9,949
55447430.8,949
55447096.1,950
55447127.4,950
55447164.1,950
55447169.9,951
55447266.5,951
55447132.6,952
55447254.8,952
55445215.2,953
55447172.9,953
55447257.6,953
55445189.7,954
55445272.6,954
55447145.4,954
55447179.4,954
55447219.0,954
55447224.2,954
55447227.7,954
55447119.8,955
55447199.1,955
55447206.4,955
55445184.0,956
55445203.7,956
55445264.6,956
55447111.2,957
55447187.1,957
55447204.4,957
55445256.0,958
55447122.8,958
55447139.1,958
55447196.7,958
55445230.8,959
55445279.1,959
55445315.1,959
55447201.1,959
55445295.5,960
55447160.3,960
55447211.1,960
55447333.2,960
55447349.6,960
55445086.7,961
55445263.6,961
55447132.2,961
55447169.9,961
55445213.7,962
55447163.7,962
55447214.0,962
55447293.8,962
55445194.5,963
55445265.7,963
55447248.4,963
55447254.0,963
55447304.0,963
55445182.9,964
55445251.0,964
55447199.1,964
55445296.8,965
55447127.7,965
55447158.6,965
55447173.5,965
55447207.0,965
55447175.1,966
55447178.1,966
55447195.9,966
55447215.2,966
55447624.0,966
55445263.5,967
55445325.7,967
55445380.2,967
55447156.0,968
55447219.8,968
55447267.8,968
55445245.7,969
55445264.8,969
55447160.2,969
55447164.2,969
55447171.1,969
55447182.1,969
55447183.9,969
55447191.4,969
55447220.4,970
55447159.0,971
55447193.6,971
55447196.1,971
55447223.7,971
55447233.1,971
55445230.3,972
55447026.4,972
55447095.7,972
55447176.5,972
55447215.5,972
55445223.1,973
55445241.7,973
55445253.0,973
55447110.0,973
55447114.6,974
55447118.2,974
55447158.3,974
55447234.3,974
55445112.1,975
55445223.0,975
55447220.0,975
55447230.4,975
55447149.6,976
55447154.8,976
55447169.0,976
55447208.3,976
55445230.0,977
55447160.0,977
55447196.8,977
55447241.6,977
55447550.0,977
55445228.8,978
55447133.2,979
55447172.7,979
55447181.8,979
55447223.4,979
55447237.6,979
55445625.4,980
55447242.6,980
55447319.2,980
55447699.3,980
55445305.3,981
55447186.1,981
55445198.3,982
55447144.5,982
55447174.2,982
55447187.9,982
55447191.3,982
55445224.7,983
55447179.3,983
55447086.5,984
55447106.9,984
55447149.8,984
55447152.7,984
55447222.2,984
55447232.3,984
55445186.0,985
55445218.8,985
55447157.1,985
55445218.1,986
55445244.5,986
55447121.3,986
55447162.2,986
55447176.5,986
55447178.6,986
55447208.6,986
55445198.6,987
55445258.9,987
55447142.7,987
55447188.2,987
55447235.4,987
55447291.6,987
55447115.9,988
55447143.1,988
55447183.3,988
55445243.3,989
55445343.1,989
55447167.6,989
55447171.1,989
55447213.3,989
55447147.1,990
55447175.7,990
55447188.4,990
55447196.6,990
55447212.5,990
55445220.5,991
55445327.6,991
55447144.5,991
55447152.6,991
55447226.6,991
55447167.1,992
55447201.6,992
55447232.7,992
55447176.0,993
55445241.4,994
55447137.9,994
55447157.5,994
55447171.2,994
55447185.7,994
55447197.0,994
55447238.6,994
55447247.7,994
55447335.0,994
55447169.0,995
55447190.4,995
55445282.9,996
55447120.6,996
55447158.1,996
55447169.6,996
55447193.8,996
55447237.6,996
55445203.7,997
55447164.9,997
55445255.4,998
55445273.2,998
55445678.8,998
55447092.9,998
55447181.2,998
55447252.3,998
55447538.0,998
55447194.0,999
